title,category
Earth inner core,Science & Technology
Smartphone,Science & Technology
games,Science & Technology
blockchain,Science & Technology
biology,Science & Technology
physics,Science & Technology
astronomy,Science & Technology
cyber security,Science & Technology
iphone,Science & Technology
siri,Science & Technology
google,Science & Technology
microsoft,Science & Technology
nasa,Science & Technology
nostalgia,Lifestyle
married,Lifestyle
mcdonald's,Lifestyle
fastfood,Lifestyle
yoga,Lifestyle
health,Lifestyle
diseases,Lifestyle
cars,Lifestyle
discover,Travel & Adventure
travel,Travel & Adventure
cities,Travel & Adventure
monasteries,Travel & Adventure
honeymoon,Travel & Adventure
luxury,Travel & Adventure
places,Travel & Adventure
underwater,Travel & Adventure
thrilling,Travel & Adventure
nature,Travel & Adventure
astonishing,Travel & Adventure
cows,animals
tiger,animals
lion,animals
wildlife,animals
dogs,animals
cute animals,animals
fisherman,animals
ecosystem,animals
fascinating animals,animals
draupadi,history & culture
padmawati,history & culture
bhishma pitamaha,history & culture
mahatama,history & culture
gandhi,history & culture
indian history,history & culture
tradition,history & culture
mystery,history & culture
ram,history & culture
sita,history & culture
mahabharat,history & culture
shiva,history & culture
krishna,history & culture
shivaji maharaj,history & culture
akbar,history & culture
shajaha,history & culture
auranzeb,history & culture
decorate,diy
plant plastic,diy
treehouse,diy
diy,diy
life saver,diy
childhood,diy
transform,diy
restore,diy
kitchen,diy
sculpture,diy
cooling plants,diy
umbrella,photography
wedding shoot,photography
photoshoot,photography
beauty,photography
landscape,photography
capture,photography
picture,photography
yoga,health & fitness
hangover,health & fitness
jaggery,health & fitness
obesity,health & fitness
disease,health & fitness
anxiety,health & fitness
sleeping,health & fitness
symptoms,health & fitness
human resource,humor
crazy friend,humor
savage,humor
rahul gandhi,humor
om prakash,humor
movies,celebrites
padmavat,celebrites
bollywood,celebrites
actress,celebrites
salman,celebrites
srk,celebrites
amir,celebrites
amitabh bacchan,celebrites
bigboss,celebrites
virat,celebrites
virat,sports
cricket,sports
basketball,sports
football,sports
dhoni,sports
quotes,inspiration
strong character,inspiration
chasing dream,inspiration
dhirubhai ambani,inspiration
entreprenure,inspiration
tribute,inspiration
togetherness,inspiration
politics,news
aadhar,news
politics,news
yogi,news
narendra modi,news
nasa,news
cricket,news
bollywood,news
politics,politics
scam,politics
bitcoin,politics
narendra modi,politics
north korea,politics
america,politics
donald trump,politics
terror,politics
pakistan,politics
India,politics